{
  "priority": 54000,
  "timeout": 0,
  "isPermanent": true,
  "selector": {
    "criteria": [
      {
        "type": "IN_PORT",
        "port": "2"
      },
      {
        "type": "ETH_TYPE",
        "ethType": "0x0800"
      },
      {
        "type": "IPV4_SRC",
        "ip": "10.0.0.2/0"
      },
      {
        "type": "IPV4_DST",
        "ip": "10.0.0.1/0"
      }
    ]
  },
  "treatment": {
    "instructions": [
      {
        "type": "OUTPUT",
        "port": "1"
      }
    ]
  }
}
